subject,relation,object,tier,status,verdict,evidence_paper,evidence_match,support_chunks,support_papers,confidence,paper_ids
slope failure,causes,mass transport deposit,1,active,ACCEPT,RichardsonetalBasinResearch2011-online (1),exact,34,6,1.0,1-s2.0-S0025322712000412-main;1-s2.0-S0264817216304585-main;Alves_AAPG_MTDs_14;Basin Research - 2016 - Ortiz‐Karpf - Mass‐transport complexes as markers of deep‐water fold‐and‐thrust belt evolution;Giacomo Dalla Valle;RichardsonetalBasinResearch2011-online (1)
channel,hasDescriptor,high-amplitude,1,active,ACCEPT,,none,17,6,1.0,"1-s2.0-S0264817216304585-main;9781565762879_ch02;Basin Research - 2016 - Ortiz‐Karpf - Mass‐transport complexes as markers of deep‐water fold‐and‐thrust belt evolution;Bourget,j;Giacomo Dalla Valle;Moscardelli_and_Wood_2008"
channel,hasDescriptor,discontinuous,1,active,ACCEPT,,none,10,6,1.0,"Basin Research - 2016 - Ortiz‐Karpf - Mass‐transport complexes as markers of deep‐water fold‐and‐thrust belt evolution;Bourget,j;Giacomo Dalla Valle;Ian R. Clark, Joseph A. Cartwright;Megaslides_in_the_Foz_do_Amazonas_Basin_Brazilian_;Moscardelli_and_Wood_2008"
debris flow,hasDescriptor,chaotic,1,active,ACCEPT,9781565762879_ch02,exact,8,4,1.0,9781565762879_ch02;9781565762879_ch03;Megaslides_in_the_Foz_do_Amazonas_Basin_Brazilian_;RichardsonetalBasinResearch2011-online (1)
mass transport deposit,hasDescriptor,hummocky,1,active,ACCEPT,9781565762879_ch02,exact,5,4,1.0,1-s2.0-S0025322712000412-main;1-s2.0-S0025322713000571-main;RichardsonetalBasinResearch2011-online (1);9781565762879_ch02
slide,hasDescriptor,hummocky,1,active,ACCEPT,"Wei Li a,⁎, Tiago M. Alves",exact,16,5,1.0,"1-s2.0-S0025322712000412-main;9781565762879_ch02;9781565762879_ch03;Submarine_Mass_Movements_on_Continental;Wei Li a,⁎, Tiago M. Alves"
turbidite,hasDescriptor,high-amplitude,1,active,ACCEPT,Alves_AAPG_MTDs_14,fuzzy(0.64),16,6,1.0,"1-s2.0-S0264817216304585-main;9781565762879_ch02;Alves_AAPG_MTDs_14;Bourget,j;Giacomo Dalla Valle;Moscardelli_and_Wood_2008"
turbidite,hasDescriptor,continuous,1,active,ACCEPT,Alves_AAPG_MTDs_14,fuzzy(0.64),20,8,1.0,"1-s2.0-S0264817216304585-main;845;Alves_AAPG_MTDs_14;Bourget,j;D. Leynaud;Elverhoi, A., Breien;Moscardelli_and_Wood_2008;Submarine_Mass_Movements_on_Continental"
submarine landslide,occursIn,continental slope,1,active,ACCEPT,Submarine_Mass_Movements_on_Continental,fuzzy(0.74),57,14,1.0,"1-s2.0-S0025322712000412-main;1-s2.0-S0025322713000571-main;1-s2.0-S0264817216304585-main;3-s2.0-B9780128130810007047-main;Basin Research - 2016 - Ortiz‐Karpf - Mass‐transport complexes as markers of deep‐water fold‐and‐thrust belt evolution;Chinese J of Geophysics - 2013 - WU - Analysis on Seismic Characteristics and Triggering Mechanisms of Mass Transport;D. Leynaud;Giacomo Dalla Valle;J. S. Laberg;JGR Earth Surface - 2013 - Urgeles - Submarine landslides of the Mediterranean Sea  Trigger mechanisms  dynamics  and;Moscardelli_and_Wood_2008;RichardsonetalBasinResearch2011-online (1);Submarine_Mass_Movements_on_Continental;Wei Li a,⁎, Tiago M. Alves"
submarine landslide,occursIn,continental margin,1,active,ACCEPT,JGR Earth Surface - 2013 - Urgeles - Submarine landslides of the Mediterranean Sea  Trigger mechanisms  dynamics  and,exact,77,20,1.0,"1-s2.0-S0025322712000412-main;1-s2.0-S0025322713000571-main;1-s2.0-S0264817216304585-main;3-s2.0-B9780128130810007047-main;9781565762879_ch02;9781565762879_ch03;Alves_AAPG_MTDs_14;Basin Research - 2016 - Ortiz‐Karpf - Mass‐transport complexes as markers of deep‐water fold‐and‐thrust belt evolution;Bull & Cartwright (2009);Chinese J of Geophysics - 2013 - WU - Analysis on Seismic Characteristics and Triggering Mechanisms of Mass Transport;D. Leynaud;Dos-Reis-et-al-2016-MPG;Elverhoi, A., Breien;Giacomo Dalla Valle;J. S. Laberg;JGR Earth Surface - 2013 - Urgeles - Submarine landslides of the Mediterranean Sea  Trigger mechanisms  dynamics  and;Moscardelli_and_Wood_2008;Submarine_Mass_Movements_on_Continental;Two-scale_gravitational_collapse_in_the_Amazon_Fan;Wei Li a,⁎, Tiago M. Alves"
earthquake,triggers,slope failure,1,active,ACCEPT,3-s2.0-B9780128130810007047-main,exact,65,6,1.0,"1-s2.0-S0025322712000412-main;3-s2.0-B9780128130810007047-main;D. Leynaud;JGR Earth Surface - 2013 - Urgeles - Submarine landslides of the Mediterranean Sea  Trigger mechanisms  dynamics  and;Submarine_Mass_Movements_on_Continental;Wei Li a,⁎, Tiago M. Alves"
rise of hydrostatic pressure,causes,instabilities,1,active,ACCEPT,Megaslides_in_the_Foz_do_Amazonas_Basin_Brazilian_,exact,2,3,0.8614,Dos-Reis-et-al-2016-MPG;Two-scale_gravitational_collapse_in_the_Amazon_Fan;Megaslides_in_the_Foz_do_Amazonas_Basin_Brazilian_
debris-flow deposit,hasDescriptor,chaotic,1,active,ACCEPT,Two-scale_gravitational_collapse_in_the_Amazon_Fan,fuzzy(0.76),3,3,0.8614,9781565762879_ch02;9781565762879_ch03;Two-scale_gravitational_collapse_in_the_Amazon_Fan
mass transport deposit,hasDescriptor,low-amplitude,1,active,ACCEPT,RichardsonetalBasinResearch2011-online (1),fuzzy(0.64),3,3,0.8614,1-s2.0-S0025322713000571-main;Alves_AAPG_MTDs_14;RichardsonetalBasinResearch2011-online (1)
mass transport deposit,hasDescriptor,faulted,1,active,ACCEPT,Two-scale_gravitational_collapse_in_the_Amazon_Fan,fuzzy(0.90),3,3,0.8614,Alves_AAPG_MTDs_14;Megaslides_in_the_Foz_do_Amazonas_Basin_Brazilian_;Two-scale_gravitational_collapse_in_the_Amazon_Fan
gas hydrates destabilization,causes,mass movement initiation,1,active,ACCEPT,Megaslides_in_the_Foz_do_Amazonas_Basin_Brazilian_,exact,2,2,0.6826,Dos-Reis-et-al-2016-MPG;Megaslides_in_the_Foz_do_Amazonas_Basin_Brazilian_
higher sedimentation rates,causes,mass movement initiation,1,active,ACCEPT,Megaslides_in_the_Foz_do_Amazonas_Basin_Brazilian_,exact,2,2,0.6826,Dos-Reis-et-al-2016-MPG;Megaslides_in_the_Foz_do_Amazonas_Basin_Brazilian_
mass transport deposit,hasDescriptor,high-amplitude,1,active,ACCEPT,RichardsonetalBasinResearch2011-online (1),fuzzy(0.92),2,2,0.6826,"Bourget,j;RichardsonetalBasinResearch2011-online (1)"
mass transport deposit,hasDescriptor,wedge-shaped,1,active,ACCEPT,9781565762879_ch03,exact,1,2,0.6826,JGR Solid Earth - 2013 - Mourgues - The Coulomb critical taper theory applied to gravitational instabilities;9781565762879_ch03
mass transport deposit,hasDescriptor,blocky,1,active,ACCEPT,Alves_AAPG_MTDs_14,fuzzy(0.70),10,2,0.6826,Alves_AAPG_MTDs_14;RichardsonetalBasinResearch2011-online (1)
megaslide,hasDescriptor,chaotic,1,active,ACCEPT,Dos-Reis-et-al-2016-MPG,exact,19,2,0.6826,Dos-Reis-et-al-2016-MPG;Megaslides_in_the_Foz_do_Amazonas_Basin_Brazilian_
remnant and rafted blocks,hasDescriptor,high-amplitude,1,active,ACCEPT,"Ian R. Clark, Joseph A. Cartwright",fuzzy(0.74),3,2,0.6826,"Alves_AAPG_MTDs_14;Ian R. Clark, Joseph A. Cartwright"
mass transport deposit,partOf,basal shear surface,1,active,ACCEPT,RichardsonetalBasinResearch2011-online (1),exact,32,2,0.6826,1-s2.0-S0025322713000571-main;RichardsonetalBasinResearch2011-online (1)
rapid sediment accumulation,triggers,failure,1,active,ACCEPT,Submarine_Mass_Movements_on_Continental,exact,7,2,0.6826,Dos-Reis-et-al-2016-MPG;Submarine_Mass_Movements_on_Continental
excess pore pressure,causes,slope failure,2,active,ACCEPT,D. Leynaud,exact,31,5,0.6,"3-s2.0-B9780128130810007047-main;D. Leynaud;JGR Earth Surface - 2013 - Urgeles - Submarine landslides of the Mediterranean Sea  Trigger mechanisms  dynamics  and;Submarine_Mass_Movements_on_Continental;Wei Li a,⁎, Tiago M. Alves"
mass transport deposit,hasDescriptor,discontinuous,2,active,ACCEPT,,none,10,4,0.6,"1-s2.0-S0025322713000571-main;Bourget,j;Megaslides_in_the_Foz_do_Amazonas_Basin_Brazilian_;RichardsonetalBasinResearch2011-online (1)"
mass transport deposit,hasDescriptor,chaotic,2,active,ACCEPT,Basin Research - 2016 - Ortiz‐Karpf - Mass‐transport complexes as markers of deep‐water fold‐and‐thrust belt evolution,fuzzy(0.67),15,6,0.6,"1-s2.0-S0025322713000571-main;Alves_AAPG_MTDs_14;Bourget,j;Megaslides_in_the_Foz_do_Amazonas_Basin_Brazilian_;RichardsonetalBasinResearch2011-online (1);Basin Research - 2016 - Ortiz‐Karpf - Mass‐transport complexes as markers of deep‐water fold‐and‐thrust belt evolution"
slide,hasDescriptor,blocky,2,active,ACCEPT,9781565762879_ch02,exact,6,5,0.6,"Bull & Cartwright (2009);RichardsonetalBasinResearch2011-online (1);Submarine_Mass_Movements_on_Continental;Wei Li a,⁎, Tiago M. Alves;9781565762879_ch02"
seismic loading,triggers,slope failure,2,active,ACCEPT,3-s2.0-B9780128130810007047-main,exact,6,3,0.5168,D. Leynaud;Submarine_Mass_Movements_on_Continental;3-s2.0-B9780128130810007047-main
flow,affects,erosive capability of the flow,1,active,ACCEPT,"Elverhoi, A., Breien",exact,1,1,0.4307,"Elverhoi, A., Breien"
increased development of shear stress,affects,pushing the slope toward failure,1,active,ACCEPT,Submarine_Mass_Movements_on_Continental,fuzzy(0.81),0,1,0.4307,Submarine_Mass_Movements_on_Continental
overpressure,affects,bore-hole stability,1,active,ACCEPT,1-s2.0-S0264817216304585-main,exact,0,1,0.4307,1-s2.0-S0264817216304585-main
particle segregation,affects,formation of upper low-density layer,1,active,ACCEPT,"Elverhoi, A., Breien",exact,0,1,0.4307,"Elverhoi, A., Breien"
particle segregation,affects,formation of bipartite flow,1,active,ACCEPT,"Elverhoi, A., Breien",exact,0,1,0.4307,"Elverhoi, A., Breien"
sea floor slope,affects,critical length,1,active,ACCEPT,1-s2.0-S0040195109002819-main,fuzzy(0.62),0,1,0.4307,1-s2.0-S0040195109002819-main
wave action,affects,equilibrium conditions,1,active,ACCEPT,9781565762879_ch02,exact,2,1,0.4307,9781565762879_ch02
decrease in effective stress,causes,sediment approaching liquefaction,1,active,ACCEPT,Submarine_Mass_Movements_on_Continental,fuzzy(0.80),0,1,0.4307,Submarine_Mass_Movements_on_Continental
enhanced sediment supply,causes,catastrophic mass-transport processes,1,active,ACCEPT,Two-scale_gravitational_collapse_in_the_Amazon_Fan,exact,1,1,0.4307,Two-scale_gravitational_collapse_in_the_Amazon_Fan
erosion of canyon heads,causes,mass movement initiation,1,active,ACCEPT,Megaslides_in_the_Foz_do_Amazonas_Basin_Brazilian_,exact,1,1,0.4307,Megaslides_in_the_Foz_do_Amazonas_Basin_Brazilian_
excess pore-water pressures,causes,degradation in shear strength,1,active,ACCEPT,Submarine_Mass_Movements_on_Continental,fuzzy(0.80),2,1,0.4307,Submarine_Mass_Movements_on_Continental
excess pressure,causes,formation stress gathering,1,active,ACCEPT,Chinese J of Geophysics - 2013 - WU - Analysis on Seismic Characteristics and Triggering Mechanisms of Mass Transport,exact,0,1,0.4307,Chinese J of Geophysics - 2013 - WU - Analysis on Seismic Characteristics and Triggering Mechanisms of Mass Transport
formation stress gathering,causes,developing mtds,1,active,ACCEPT,Chinese J of Geophysics - 2013 - WU - Analysis on Seismic Characteristics and Triggering Mechanisms of Mass Transport,exact,0,1,0.4307,Chinese J of Geophysics - 2013 - WU - Analysis on Seismic Characteristics and Triggering Mechanisms of Mass Transport
gas hydrate dissolution,causes,excess pressure,1,active,ACCEPT,Chinese J of Geophysics - 2013 - WU - Analysis on Seismic Characteristics and Triggering Mechanisms of Mass Transport,exact,1,1,0.4307,Chinese J of Geophysics - 2013 - WU - Analysis on Seismic Characteristics and Triggering Mechanisms of Mass Transport
gravitational collapse,causes,discontinuous erosion surfaces,1,active,ACCEPT,Basin Research - 2016 - Ortiz‐Karpf - Mass‐transport complexes as markers of deep‐water fold‐and‐thrust belt evolution,fuzzy(0.87),2,1,0.4307,Basin Research - 2016 - Ortiz‐Karpf - Mass‐transport complexes as markers of deep‐water fold‐and‐thrust belt evolution
gravitational collapse,causes,basal erosion surface,1,active,ACCEPT,Basin Research - 2016 - Ortiz‐Karpf - Mass‐transport complexes as markers of deep‐water fold‐and‐thrust belt evolution,exact,1,1,0.4307,Basin Research - 2016 - Ortiz‐Karpf - Mass‐transport complexes as markers of deep‐water fold‐and‐thrust belt evolution
increased sand content,causes,flow becoming less cohesive,1,active,ACCEPT,"Elverhoi, A., Breien",exact,0,1,0.4307,"Elverhoi, A., Breien"
methane hydrate dissociation,causes,high excess pore pressure,1,active,ACCEPT,3-s2.0-B9780128130810007047-main,exact,0,1,0.4307,3-s2.0-B9780128130810007047-main
migration of depocenters,causes,instabilities,1,active,ACCEPT,Megaslides_in_the_Foz_do_Amazonas_Basin_Brazilian_,exact,1,1,0.4307,Megaslides_in_the_Foz_do_Amazonas_Basin_Brazilian_
migration of depocenters,causes,slope gravitational instabilities,1,active,ACCEPT,Two-scale_gravitational_collapse_in_the_Amazon_Fan,exact,0,1,0.4307,Two-scale_gravitational_collapse_in_the_Amazon_Fan
overpressure,causes,bore-hole instability,1,active,ACCEPT,1-s2.0-S0264817216304585-main,exact,0,1,0.4307,1-s2.0-S0264817216304585-main
particle segregation,causes,bipartite flow,1,active,ACCEPT,"Elverhoi, A., Breien",exact,3,1,0.4307,"Elverhoi, A., Breien"
rise of hydrostatic pressure,causes,slope gravitational instabilities,1,active,ACCEPT,Two-scale_gravitational_collapse_in_the_Amazon_Fan,exact,1,1,0.4307,Two-scale_gravitational_collapse_in_the_Amazon_Fan
sand content increase,causes,flow becoming less cohesive,1,active,ACCEPT,"Elverhoi, A., Breien",exact,0,1,0.4307,"Elverhoi, A., Breien"
water intrusion and fluidisation,causes,particle segregation,1,active,ACCEPT,"Elverhoi, A., Breien",exact,1,1,0.4307,"Elverhoi, A., Breien"
wave loading,causes,development of excess pore-water pressures,1,active,ACCEPT,Submarine_Mass_Movements_on_Continental,fuzzy(0.80),0,1,0.4307,Submarine_Mass_Movements_on_Continental
wave-loading effects,causes,decrease in effective stress,1,active,ACCEPT,Submarine_Mass_Movements_on_Continental,fuzzy(0.80),0,1,0.4307,Submarine_Mass_Movements_on_Continental
siliciclastic unit,hasDescriptor,tabular,1,active,ACCEPT,Dos-Reis-et-al-2016-MPG,exact,1,1,0.4307,Dos-Reis-et-al-2016-MPG
siliciclastic unit,hasDescriptor,transparent,1,active,ACCEPT,Dos-Reis-et-al-2016-MPG,exact,1,1,0.4307,Dos-Reis-et-al-2016-MPG
slide sheet,hasDescriptor,folded,1,active,ACCEPT,Two-scale_gravitational_collapse_in_the_Amazon_Fan,exact,1,1,0.4307,Two-scale_gravitational_collapse_in_the_Amazon_Fan
mass transport deposit,occursIn,deep-water basinal settings,1,active,ACCEPT,9781565762879_ch02,exact,0,1,0.4307,9781565762879_ch02
mass transport deposit,occursIn,ebro margin,1,active,ACCEPT,9781565762879_ch03,fuzzy(0.83),0,1,0.4307,9781565762879_ch03
submarine landslide,occursIn,mediterranean continental margin,1,active,ACCEPT,JGR Earth Surface - 2013 - Urgeles - Submarine landslides of the Mediterranean Sea  Trigger mechanisms  dynamics  and,exact,3,1,0.4307,JGR Earth Surface - 2013 - Urgeles - Submarine landslides of the Mediterranean Sea  Trigger mechanisms  dynamics  and
submarine landslide,occursIn,mediterranean continental margin,1,active,ACCEPT,JGR Earth Surface - 2013 - Urgeles - Submarine landslides of the Mediterranean Sea  Trigger mechanisms  dynamics  and,exact,3,1,0.4307,JGR Earth Surface - 2013 - Urgeles - Submarine landslides of the Mediterranean Sea  Trigger mechanisms  dynamics  and
rugged upper surface,overlies,stable paleo-lakebed,1,active,ACCEPT,RichardsonetalBasinResearch2011-online (1),exact,0,1,0.4307,RichardsonetalBasinResearch2011-online (1)
external perturbations,triggers,failure,1,active,ACCEPT,Giacomo Dalla Valle,exact,1,1,0.4307,Giacomo Dalla Valle
seismic activity,triggers,"liquefaction of coarse-grained, cohesionless soils",1,active,ACCEPT,D. Leynaud,exact,1,1,0.4307,D. Leynaud
translational sliding,triggers,gravitational spreading,1,active,ACCEPT,"Wei Li a,⁎, Tiago M. Alves",fuzzy(0.67),4,1,0.4307,"Wei Li a,⁎, Tiago M. Alves"
water intrusion and fluidisation,triggers,particle segregation,1,active,ACCEPT,"Elverhoi, A., Breien",exact,1,1,0.4307,"Elverhoi, A., Breien"
erosion,affects,seaﬂoor,2,active,UNCERTAIN,1-s2.0-S0025322713000571-main,exact,37,10,0.42,"1-s2.0-S0025322712000412-main;1-s2.0-S0025322713000571-main;1-s2.0-S0264817216304585-main;Bull & Cartwright (2009);Dos-Reis-et-al-2016-MPG;Giacomo Dalla Valle;Ian R. Clark, Joseph A. Cartwright;JGR Earth Surface - 2013 - Urgeles - Submarine landslides of the Mediterranean Sea  Trigger mechanisms  dynamics  and;Submarine_Mass_Movements_on_Continental;Wei Li a,⁎, Tiago M. Alves"
fold,hasDescriptor,discontinuous,2,active,UNCERTAIN,Chinese J of Geophysics - 2013 - WU - Analysis on Seismic Characteristics and Triggering Mechanisms of Mass Transport,exact,9,6,0.42,"845;Basin Research - 2016 - Ortiz‐Karpf - Mass‐transport complexes as markers of deep‐water fold‐and‐thrust belt evolution;Bull & Cartwright (2009);Chinese J of Geophysics - 2013 - WU - Analysis on Seismic Characteristics and Triggering Mechanisms of Mass Transport;Ian R. Clark, Joseph A. Cartwright;Two-scale_gravitational_collapse_in_the_Amazon_Fan"
mass transport deposit,hasDescriptor,continuous,2,active,UNCERTAIN,Moscardelli_and_Wood_2008,fuzzy(0.75),17,6,0.42,"1-s2.0-S0025322713000571-main;Alves_AAPG_MTDs_14;Bourget,j;Megaslides_in_the_Foz_do_Amazonas_Basin_Brazilian_;RichardsonetalBasinResearch2011-online (1);Moscardelli_and_Wood_2008"
slide,hasDescriptor,transparent,2,active,UNCERTAIN,Submarine_Mass_Movements_on_Continental,exact,34,12,0.42,"386816a0;9781565762879_ch02;9781565762879_ch03;D. Leynaud;Dos-Reis-et-al-2016-MPG;Elverhoi, A., Breien;J. S. Laberg;JGR Earth Surface - 2013 - Urgeles - Submarine landslides of the Mediterranean Sea  Trigger mechanisms  dynamics  and;Megaslides_in_the_Foz_do_Amazonas_Basin_Brazilian_;Moscardelli_and_Wood_2008;Submarine_Mass_Movements_on_Continental;Two-scale_gravitational_collapse_in_the_Amazon_Fan"
turbidite,hasDescriptor,parallel,2,active,UNCERTAIN,Dos-Reis-et-al-2016-MPG,fuzzy(0.96),23,6,0.42,"1-s2.0-S0264817216304585-main;9781565762879_ch03;Bourget,j;J. S. Laberg;Submarine_Mass_Movements_on_Continental;Dos-Reis-et-al-2016-MPG"
erosion,affects,basal shear surface,2,active,UNCERTAIN,Chinese J of Geophysics - 2013 - WU - Analysis on Seismic Characteristics and Triggering Mechanisms of Mass Transport,fuzzy(0.83),28,6,0.42,1-s2.0-S0025322713000571-main;Basin Research - 2016 - Ortiz‐Karpf - Mass‐transport complexes as markers of deep‐water fold‐and‐thrust belt evolution;Bull & Cartwright (2009);Chinese J of Geophysics - 2013 - WU - Analysis on Seismic Characteristics and Triggering Mechanisms of Mass Transport;Giacomo Dalla Valle;RichardsonetalBasinResearch2011-online (1)
slide,hasDescriptor,undeformed,2,active,UNCERTAIN,9781565762879_ch02,exact,28,11,0.42,"1-s2.0-S0040195109002819-main;1-s2.0-S0264817216304585-main;845;9781565762879_ch02;Bourget,j;Bull & Cartwright (2009);Dos-Reis-et-al-2016-MPG;J. S. Laberg;Moscardelli_and_Wood_2008;Submarine_Mass_Movements_on_Continental;Wei Li a,⁎, Tiago M. Alves"
mass transport deposit,occursIn,continental slope,2,active,UNCERTAIN,RichardsonetalBasinResearch2011-online (1),exact,19,9,0.42,9781565762879_ch02;9781565762879_ch03;Alves_AAPG_MTDs_14;Basin Research - 2016 - Ortiz‐Karpf - Mass‐transport complexes as markers of deep‐water fold‐and‐thrust belt evolution;Chinese J of Geophysics - 2013 - WU - Analysis on Seismic Characteristics and Triggering Mechanisms of Mass Transport;Giacomo Dalla Valle;J. S. Laberg;Megaslides_in_the_Foz_do_Amazonas_Basin_Brazilian_;RichardsonetalBasinResearch2011-online (1)
submarine landslide,occursIn,tectonically active margin,2,active,UNCERTAIN,JGR Earth Surface - 2013 - Urgeles - Submarine landslides of the Mediterranean Sea  Trigger mechanisms  dynamics  and,exact,9,4,0.42,"D. Leynaud;JGR Earth Surface - 2013 - Urgeles - Submarine landslides of the Mediterranean Sea  Trigger mechanisms  dynamics  and;RichardsonetalBasinResearch2011-online (1);Wei Li a,⁎, Tiago M. Alves"
turbidite,occursIn,upper slope,2,active,UNCERTAIN,,none,24,5,0.42,"9781565762879_ch02;9781565762879_ch03;Bourget,j;D. Leynaud;Giacomo Dalla Valle"
turbidite system,occursIn,amazon fan,2,active,UNCERTAIN,9781565762879_ch03,exact,8,5,0.42,"9781565762879_ch02;9781565762879_ch03;Bourget,j;Dos-Reis-et-al-2016-MPG;Two-scale_gravitational_collapse_in_the_Amazon_Fan"
subaqueous slope failure,causes,mass transport deposit,2,active,ACCEPT,RichardsonetalBasinResearch2011-online (1),exact,3,2,0.4096,1-s2.0-S0025322712000412-main;RichardsonetalBasinResearch2011-online (1)
turbidite,occursIn,basin floor,2,active,ACCEPT,9781565762879_ch03,exact,23,2,0.4096,9781565762879_ch02;9781565762879_ch03
fluid overpressure,triggers,slope instability,2,active,ACCEPT,1-s2.0-S0040195109002819-main,exact,1,2,0.4096,1-s2.0-S0191814106000101-main;1-s2.0-S0040195109002819-main
extensional domain,partOf,mass transport deposit,2,active,UNCERTAIN,RichardsonetalBasinResearch2011-online (1),exact,17,3,0.3618,Dos-Reis-et-al-2016-MPG;Megaslides_in_the_Foz_do_Amazonas_Basin_Brazilian_;RichardsonetalBasinResearch2011-online (1)
hemipelagite,hasDescriptor,continuous,2,active,UNCERTAIN,Dos-Reis-et-al-2016-MPG,exact,6,3,0.3618,Alves_AAPG_MTDs_14;Bull & Cartwright (2009);Dos-Reis-et-al-2016-MPG
mass transport deposit,hasDescriptor,undeformed,2,active,UNCERTAIN,Alves_AAPG_MTDs_14,fuzzy(0.90),4,3,0.3618,1-s2.0-S0025322713000571-main;RichardsonetalBasinResearch2011-online (1);Alves_AAPG_MTDs_14
free gas,affects,slope stability,2,active,UNCERTAIN,1-s2.0-S0264817216304585-main,exact,1,2,0.2867,JGR Earth Surface - 2013 - Urgeles - Submarine landslides of the Mediterranean Sea  Trigger mechanisms  dynamics  and;1-s2.0-S0264817216304585-main
mass transport deposit,hasDescriptor,folded,2,active,UNCERTAIN,Two-scale_gravitational_collapse_in_the_Amazon_Fan,exact,2,2,0.2867,RichardsonetalBasinResearch2011-online (1);Two-scale_gravitational_collapse_in_the_Amazon_Fan
megaslide,hasDescriptor,transparent,2,active,UNCERTAIN,Dos-Reis-et-al-2016-MPG,exact,18,2,0.2867,Dos-Reis-et-al-2016-MPG;Megaslides_in_the_Foz_do_Amazonas_Basin_Brazilian_
mass transport deposit,partOf,upper surface,2,active,UNCERTAIN,RichardsonetalBasinResearch2011-online (1),exact,18,2,0.2867,1-s2.0-S0025322713000571-main;RichardsonetalBasinResearch2011-online (1)
gas hydrates destabilization,causes,mass transport deposit,2,active,UNCERTAIN,Megaslides_in_the_Foz_do_Amazonas_Basin_Brazilian_,exact,2,2,0.2867,Dos-Reis-et-al-2016-MPG;Megaslides_in_the_Foz_do_Amazonas_Basin_Brazilian_
higher sedimentation rates,causes,mass transport deposit,2,active,UNCERTAIN,Megaslides_in_the_Foz_do_Amazonas_Basin_Brazilian_,exact,5,2,0.2867,Dos-Reis-et-al-2016-MPG;Megaslides_in_the_Foz_do_Amazonas_Basin_Brazilian_
rise of hydrostatic pressure,causes,mass transport deposit,2,active,UNCERTAIN,Megaslides_in_the_Foz_do_Amazonas_Basin_Brazilian_,exact,1,2,0.2867,Dos-Reis-et-al-2016-MPG;Megaslides_in_the_Foz_do_Amazonas_Basin_Brazilian_
debris flow,hasDescriptor,hummocky,2,active,UNCERTAIN,9781565762879_ch02,exact,2,2,0.2867,9781565762879_ch02;9781565762879_ch03
mass transport deposit,hasDescriptor,layered,2,active,UNCERTAIN,Dos-Reis-et-al-2016-MPG,exact,2,2,0.2867,Megaslides_in_the_Foz_do_Amazonas_Basin_Brazilian_;Dos-Reis-et-al-2016-MPG
megaslide,hasDescriptor,continuous,2,active,UNCERTAIN,Dos-Reis-et-al-2016-MPG,exact,15,2,0.2867,Dos-Reis-et-al-2016-MPG;Megaslides_in_the_Foz_do_Amazonas_Basin_Brazilian_
preserved block,hasDescriptor,layered,2,active,UNCERTAIN,Megaslides_in_the_Foz_do_Amazonas_Basin_Brazilian_,fuzzy(0.84),2,2,0.2867,Dos-Reis-et-al-2016-MPG;Megaslides_in_the_Foz_do_Amazonas_Basin_Brazilian_
remnant block,hasDescriptor,undeformed,2,active,UNCERTAIN,Bull & Cartwright (2009),exact,3,2,0.2867,Alves_AAPG_MTDs_14;Bull & Cartwright (2009)
submarine landslide,occursIn,passive margin,2,active,UNCERTAIN,JGR Earth Surface - 2013 - Urgeles - Submarine landslides of the Mediterranean Sea  Trigger mechanisms  dynamics  and,fuzzy(0.67),15,2,0.2867,JGR Earth Surface - 2013 - Urgeles - Submarine landslides of the Mediterranean Sea  Trigger mechanisms  dynamics  and;Submarine_Mass_Movements_on_Continental
erosion grooves,affects,basal shear surface,2,active,ACCEPT,Chinese J of Geophysics - 2013 - WU - Analysis on Seismic Characteristics and Triggering Mechanisms of Mass Transport,fuzzy(0.53),2,1,0.2584,Chinese J of Geophysics - 2013 - WU - Analysis on Seismic Characteristics and Triggering Mechanisms of Mass Transport
50–60 ka failure event,causes,lower headwall formation,2,active,ACCEPT,"Wei Li a,⁎, Tiago M. Alves",exact,0,1,0.2584,"Wei Li a,⁎, Tiago M. Alves"
disequilibrium conditions,causes,potential for mass-transport events,2,active,ACCEPT,9781565762879_ch02,fuzzy(0.92),1,1,0.2584,9781565762879_ch02
excess pressure,causes,slope failure,2,active,ACCEPT,D. Leynaud,exact,0,1,0.2584,D. Leynaud
mass transport deposit,hasDescriptor,variable-amplitude,2,active,ACCEPT,Basin Research - 2016 - Ortiz‐Karpf - Mass‐transport complexes as markers of deep‐water fold‐and‐thrust belt evolution,fuzzy(0.67),0,1,0.2584,Basin Research - 2016 - Ortiz‐Karpf - Mass‐transport complexes as markers of deep‐water fold‐and‐thrust belt evolution
turbidite,hasDescriptor,layered,2,active,ACCEPT,"Bourget,j",fuzzy(0.70),0,1,0.2584,"Bourget,j"
coarse-grained turbidites,occursIn,espírito santo basin,2,active,ACCEPT,1-s2.0-S0264817216304585-main,exact,0,1,0.2584,1-s2.0-S0264817216304585-main
blocky material,overlies,basal shear surface,2,active,ACCEPT,RichardsonetalBasinResearch2011-online (1),exact,2,1,0.2584,RichardsonetalBasinResearch2011-online (1)
canyon erosion,triggers,slope destabilization,2,active,ACCEPT,RichardsonetalBasinResearch2011-online (1),fuzzy(0.69),0,1,0.2584,RichardsonetalBasinResearch2011-online (1)
fluid overpressure,triggers,slope failure,2,active,ACCEPT,1-s2.0-S0040195109002819-main,exact,0,1,0.2584,1-s2.0-S0040195109002819-main
storm waves,triggers,seabed instability,2,active,ACCEPT,Submarine_Mass_Movements_on_Continental,exact,0,1,0.2584,Submarine_Mass_Movements_on_Continental
late period erosion,affects,basal shear surface,2,active,UNCERTAIN,Chinese J of Geophysics - 2013 - WU - Analysis on Seismic Characteristics and Triggering Mechanisms of Mass Transport,fuzzy(0.60),2,1,0.1809,Chinese J of Geophysics - 2013 - WU - Analysis on Seismic Characteristics and Triggering Mechanisms of Mass Transport
retarded strength development,affects,pushing the slope toward failure,2,active,UNCERTAIN,Submarine_Mass_Movements_on_Continental,fuzzy(0.81),0,1,0.1809,Submarine_Mass_Movements_on_Continental
compressive domain,causes,up to 500m in thickness,2,active,UNCERTAIN,RichardsonetalBasinResearch2011-online (1),fuzzy(0.90),2,1,0.1809,RichardsonetalBasinResearch2011-online (1)
growth stratal wedge,causes,mass transport deposit,2,active,UNCERTAIN,RichardsonetalBasinResearch2011-online (1),exact,2,1,0.1809,RichardsonetalBasinResearch2011-online (1)
growth stratal wedge,causes,whole wedge failures,2,active,UNCERTAIN,RichardsonetalBasinResearch2011-online (1),exact,1,1,0.1809,RichardsonetalBasinResearch2011-online (1)
rapid rate of sedimentation,causes,fluid overpressure,2,active,UNCERTAIN,1-s2.0-S0191814106000101-main,exact,0,1,0.1809,1-s2.0-S0191814106000101-main
rapid sediment accumulation,causes,overpressure development,2,active,UNCERTAIN,"S. Lafuerza, N. Sultan",exact,0,1,0.1809,"S. Lafuerza, N. Sultan"
rapid sedimentation,causes,fluid overpressure,2,active,UNCERTAIN,1-s2.0-S0191814106000101-main,exact,0,1,0.1809,1-s2.0-S0191814106000101-main
steepest portion of the slope,controls,area where no scarp exists,2,active,UNCERTAIN,RichardsonetalBasinResearch2011-online (1),exact,1,1,0.1809,RichardsonetalBasinResearch2011-online (1)
amapá megaslide complex,hasDescriptor,stratified,2,active,UNCERTAIN,Dos-Reis-et-al-2016-MPG,exact,0,1,0.1809,Dos-Reis-et-al-2016-MPG
channel levee complex,hasDescriptor,thin,2,active,UNCERTAIN,"Ian R. Clark, Joseph A. Cartwright",exact,2,1,0.1809,"Ian R. Clark, Joseph A. Cartwright"
mass transport deposit,hasDescriptor,transparent,2,active,UNCERTAIN,,none,4,1,0.1809,Megaslides_in_the_Foz_do_Amazonas_Basin_Brazilian_
siliciclastic unit,hasDescriptor,parallel,2,active,UNCERTAIN,Dos-Reis-et-al-2016-MPG,exact,1,1,0.1809,Dos-Reis-et-al-2016-MPG
submarine landslide,occursIn,deltaic wedge,2,active,UNCERTAIN,JGR Earth Surface - 2013 - Urgeles - Submarine landslides of the Mediterranean Sea  Trigger mechanisms  dynamics  and,fuzzy(0.94),1,1,0.1809,JGR Earth Surface - 2013 - Urgeles - Submarine landslides of the Mediterranean Sea  Trigger mechanisms  dynamics  and
compressive domain,partOf,mass transport deposit,2,active,UNCERTAIN,RichardsonetalBasinResearch2011-online (1),exact,15,1,0.1809,RichardsonetalBasinResearch2011-online (1)
mass transport deposit,partOf,three structural domains,2,active,UNCERTAIN,RichardsonetalBasinResearch2011-online (1),exact,2,1,0.1809,RichardsonetalBasinResearch2011-online (1)
erosion,affects,ramps and promontories,2,active,UNCERTAIN,1-s2.0-S0025322713000571-main,exact,5,1,0.1809,1-s2.0-S0025322713000571-main
methane hydrate dissociation,affects,submarine landslide,2,active,UNCERTAIN,3-s2.0-B9780128130810007047-main,exact,0,1,0.1809,3-s2.0-B9780128130810007047-main
erosion of canyon heads,causes,mass transport deposit,2,active,UNCERTAIN,Megaslides_in_the_Foz_do_Amazonas_Basin_Brazilian_,exact,1,1,0.1809,Megaslides_in_the_Foz_do_Amazonas_Basin_Brazilian_
gas hydrate disassociation,causes,slope destabilization,2,active,UNCERTAIN,RichardsonetalBasinResearch2011-online (1),exact,0,1,0.1809,RichardsonetalBasinResearch2011-online (1)
gas hydrate dissolution,causes,formation of layer of weakness,2,active,UNCERTAIN,Chinese J of Geophysics - 2013 - WU - Analysis on Seismic Characteristics and Triggering Mechanisms of Mass Transport,exact,0,1,0.1809,Chinese J of Geophysics - 2013 - WU - Analysis on Seismic Characteristics and Triggering Mechanisms of Mass Transport
gas-hydrate dissociation,causes,catastrophic mass-transport processes,2,active,UNCERTAIN,Two-scale_gravitational_collapse_in_the_Amazon_Fan,exact,1,1,0.1809,Two-scale_gravitational_collapse_in_the_Amazon_Fan
higher shear stresses,causes,instability,2,active,UNCERTAIN,RichardsonetalBasinResearch2011-online (1),exact,0,1,0.1809,RichardsonetalBasinResearch2011-online (1)
migration of depocenters,causes,mass transport deposit,2,active,UNCERTAIN,Megaslides_in_the_Foz_do_Amazonas_Basin_Brazilian_,exact,1,1,0.1809,Megaslides_in_the_Foz_do_Amazonas_Basin_Brazilian_
sea level fall,causes,high excess pore pressure,2,active,UNCERTAIN,3-s2.0-B9780128130810007047-main,exact,1,1,0.1809,3-s2.0-B9780128130810007047-main
steepening up-dip,causes,unstable condition,2,active,UNCERTAIN,RichardsonetalBasinResearch2011-online (1),exact,0,1,0.1809,RichardsonetalBasinResearch2011-online (1)
unstable condition,causes,slope failure,2,active,UNCERTAIN,RichardsonetalBasinResearch2011-online (1),exact,0,1,0.1809,RichardsonetalBasinResearch2011-online (1)
volume and pressure buildup,causes,pore-fluid overpressure,2,active,UNCERTAIN,3-s2.0-B9780128130810007047-main,exact,0,1,0.1809,3-s2.0-B9780128130810007047-main
cohesion of the basal detachment,controls,stability criterion,2,active,UNCERTAIN,1-s2.0-S0040195109002819-main,exact,0,1,0.1809,1-s2.0-S0040195109002819-main
length of the sliding sheet,controls,critical length,2,active,UNCERTAIN,1-s2.0-S0040195109002819-main,exact,1,1,0.1809,1-s2.0-S0040195109002819-main
debris-flow deposit,hasDescriptor,hummocky,2,active,UNCERTAIN,9781565762879_ch02,exact,1,1,0.1809,9781565762879_ch02
mass transport deposit,hasDescriptor,stratified,2,active,UNCERTAIN,9781565762879_ch03,exact,0,1,0.1809,9781565762879_ch03
megaslide,hasDescriptor,disrupted,2,active,UNCERTAIN,Dos-Reis-et-al-2016-MPG,exact,1,1,0.1809,Dos-Reis-et-al-2016-MPG
slide,hasDescriptor,low-amplitude,2,active,UNCERTAIN,Moscardelli_and_Wood_2008,exact,1,1,0.1809,Moscardelli_and_Wood_2008
debris flow,occursIn,passive margin,2,active,UNCERTAIN,9781565762879_ch03,exact,4,1,0.1809,9781565762879_ch03
coarse-grained turbidites,overlies,mass transport deposit,2,active,UNCERTAIN,1-s2.0-S0264817216304585-main,exact,0,1,0.1809,1-s2.0-S0264817216304585-main
translational domain,partOf,mass transport deposit,2,active,UNCERTAIN,RichardsonetalBasinResearch2011-online (1),exact,13,1,0.1809,RichardsonetalBasinResearch2011-online (1)
high excess pore pressure,triggers,slumping,2,active,UNCERTAIN,3-s2.0-B9780128130810007047-main,exact,1,1,0.1809,3-s2.0-B9780128130810007047-main
seismic trigger,triggers,slope destabilization,2,active,UNCERTAIN,RichardsonetalBasinResearch2011-online (1),exact,0,1,0.1809,RichardsonetalBasinResearch2011-online (1)
slope failure,triggers,incision of lateral ramps,1,active,NA,,none,0,0,0.0,
slope failure,causes,erosional scour,2,active,NA,,none,0,0,0.0,
channel levee complex,hasDescriptor,low-amplitude,2,active,UNCERTAIN,,none,0,0,0.0,
